"_type","notice","subtitle","title"
"NoticesThatIWantToReadItem"," Usuários do ,relataram que a rede social saiu do ar por volta das 16h desta segunda-feira (12). Quando várias pessoas tentaram acessar suas páginas e perfias, receberam uma mensagem de erro. , O problema não foi anunciado apenas pelos brasileiros. Lá fora, usuários também reclamaram de que a página do Facebook estava fora do ar. , A empresa não fez pronunciamento oficial em sua página sobre o assunto. , O site “Is It Down Right Now”, que acompanha se plataformas conectadas estão funcionando ou se caíram, confirmou que a página está fora do ar. , A situação foi normalizada por volta das 16h30. , Veja alguns dos comentários: , As ações da empresa, que estão em queda nesta segunda-feira, também foram lembradas. , No exterior, usuários encontraram o mesmo problema. ","Em outras redes sociais, pessoas afirmam que não conseguiram acessar seus perfis na tarde desta segunda-feira.","Usuários afirmam que Facebook fica fora do ar"
"NoticesThatIWantToReadItem"," Pesquisadores da Universidade de Radboud, na Holanda, descobriram problemas de segurança na forma que algumas unidades de armazenamento de estado sólido (SSD) aplicam a criptografia de disco. A criptografia de disco por hardware é controlada pelo próprio dispositivo de armazenamento e, portanto, é ele que fica encarregado de proteger os dados. , Carlo Meijer e Bernard van Gastel descobriram que é possível fazer alterações nas unidades, seja pela porta JTAG (um canal de comunicação no próprio hardware) ou pelo firmware (software embarcado) para fazer com que o disco aceite qualquer senha de acesso e, portanto, invalide a proteção da criptografia. , Os pesquisadores encontraram as falhas em modelos da Crucial (MX100, Crucial MX200 e Crucial MX300) e Samsung (840 EVO, Samsung 850 EVO, T3 Portable e T5 Portable), mas é possível que outros dispositivos de outras marcas também sofram de problemas parecidos. , A Crucial divulgou uma atualização para o firmware (software embutido) das unidades para corrigir o problema. A Samsung faz o mesmo, mas apenas para os modelos de armazenamento externo (T3 e T5). A recomendação da empresa, para quem usa as unidades Evo, é utilizar a criptografia por software. A Samsung é a empresa líder do segmento, com mais de 30% do mercado, de acordo com a Trendfocus. , Quem usa o BitLocker, o sistema de criptografia do Windows, também pode estar vulnerável, porque o BitLocker utiliza a criptografia da unidade quando ela está disponível. Essa configuração pode ser modificada para obrigar o BitLocker a usar a criptografia por software, que em geral pode ter impacto maior no desempenho do sistema. A Microsoft , sobre a questão. , A criptografia de disco é um recurso que embaralha todos os dados armazenados em alguma unidade ou partição do computador. Ela pode impedir que o computador seja ligado ou que certos dados sejam acessados de forma indevida. , Essa proteção é especialmente interessante em notebooks, já que o risco de roubo da máquina (e, portanto, dos dados nela armazenados) é maior. Um ladrão poderia acessar todos os dados de um notebook não criptografado, independentemente de qualquer senha de usuário configurada nesse notebook. , Celulares, que também correm um risco alto de roubo, estão vindo com criptografia ativada de fábrica em modelos recentes. Em notebooks com Windows, porém, o recurso ainda é considerado um diferencial de modelos para uso corporativo. O Windows só libera o uso do BitLocker no Windows Pro. Quem tiver o Windows Home e quiser usar um recurso de criptografia de disco precisa recorrer a um software de terceiros. , , ","Unidades podem ser reconfiguradas para permitir acesso com uma senha vazia.","Vulnerabilidades permitem burlar criptografia em unidades de armazenamento SSD"
"NoticesThatIWantToReadItem"," Os novos modelos de iPhone começam a ser vendidos no Brasil nesta sexta-feira (9). ,, os aparelhos têm os melhores processadores, a melhor câmera, as maiores telas — e os maiores preços — que a ,já colocou em smartphones. , O,avaliou a versão Xs Max, a mais cara, que custa a partir de R$ 8 mil , e conta quais são as principais novidades do aparelho e o compara com os principais concorrentes. , O iPhone Xs Max, como é de praxe com as gerações “s”, é superior ao modelo anterior em termos técnicos, mesmo não trazendo novidades visuais ou funcionais. , Todos os aparelhos lançados este ano contam com o processador A12 Bionic, desenvolvido pela própria Apple e que tem 7 nanômetros de distância entre os transistores, a menor distância disponível em processadores atualmente. , A potência do A12 Bionic é grande o suficiente para permitir melhores usos em termos de realidade aumentada e inteligência artificial do aparelho. A competição é feita apenas pelo Kirin 980, disponível no smartphone Mate 20 Pro da Huawei — empresa chinesa que agora rivaliza com a americana e inclusive vendeu mais aparelhos no segundo trimestre deste ano. , O iPhone Xs Max é o aparelho com a maior tela que a Apple já lançou, embora o celular seja de tamanho semelhante ao iPhone 8 Plus, lançado no ano passado. Qual é a ""mágica"", então? , Por outro lado, o novo sistema de reprodução de som é bem mais preciso que o das gerações anteriores de iPhone, criando uma atmosfera em torno do usuário. , O , usou o modelo de teste durante a cobertura do , e a bateria suportou mais de 15 horas de uso intenso. , Acompanhando o mercado, a Apple também passou a disponibilizar este ano aparelhos com 512GB de armazenamento, a exemplo do que a Samsung havia feito com o Note 9, principal smartphone lançado este ano pela coreana. Apesar disso, é preciso lembrar que a Apple vende o iPhone Xs Max com essa capacidade por salgados R$ 10 mil. , O Samsung com essa capacidade começou custando R$ 5.499 mil e, atualmente, sai por R$ 4.499, segundo o site da marca. , Sobre os dois chips que a Apple anunciou que estariam disponíveis no novo iPhone (recurso já disponível há anos em celular Android) a história é um pouco mais complicada. , Embora o aparelho tenha o lugar para um nano SIM tradicional, o outro chip seria um eSIM, espécie de chip embutido no aparelho, como os NFC, responsáveis por pagamentos por exemplo, que podem ser modificados pelas operadoras de telefonia. Esse recurso ainda é incipiente e ainda não está disponível no Brasil. , Os iPhones Xs e Xs Max contam com câmera dupla de 12 megapixel, uma grande angular de abertura 1.8 e uma tele de abertura 2.4. O sensor gráfico nesses modelos é 32% maior do que a geração anterior. A novidade nas fotos é que a profundidade do modo retrato agora pode ser editada, regulando o efeito após a foto ter sido tirada. , Apesar das novidades técnicas dos novos aparelhos, talvez nunca se saberá qual é a real popularidade deles. Isso porque a Apple afirmou, em seu último balanço trimestral, que não irá mais discriminar as vendas de aparelhos — iPhones, iPads, Macs e Macbooks. , No final do ano passado, período de comércio em alta, as vendas do iPhone X caiu 1%. A Apple resolveu então tirar essa preocupação do radar. , Com uma base de 810 milhões de usuários de iPhone e mais de 1,3 bilhão de aparelhos ativos, a empresa hoje tem uma estratégia, apontam analistas, de fazer a manutenção dessa base, oferecendo tecnologia como um serviço, o que inclui os aparelhos. , Para Gene Munster, analista da empresa de investimento Loup Ventures, a Apple está passando por uma nova mudança de paradigma. ""A empresa está deixando para trás o foco em venda de dispositivo e indo em direção à venda de serviços"", escreveu. , A Apple tem tirado proveito da renovação que a base de usuários faz de seus produtos e integrado uma plataforma de serviços, que inclui licenciamentos, pagamentos com o sistema Apple Pay, streaming de música e o serviço em nuvem iCloud. Estima-se que pelo menos 30% dos usuários de iPhone usem Apple Pay. , , , , ","G1 testou o iPhone Xs Max, o mais caro. Tela cresceu, bateria resiste mais e câmera melhorou, mas preços ficaram ainda mais salgados.","Novos iPhone Xs e Xs Max chegam ao Brasil; veja primeiras impressões"
"NoticesThatIWantToReadItem"," Mark Zuckerberg, o criador do Facebook, quer que o comunicador Messenger seja um dos principais produtos de sua rede social. No entanto, ele não o usa. , Antes ele o fazia, mas, em abril deste ano, pouco depois do escândalo envolvendo o vazamento de dados envolvendo a empresa Cambridge Analytica, ele fez suas conversas com todos os seus interlocutores desaparecerem sem deixar rastro (algo impossível para um usuário normal). , Zuckerberg também não costuma publicar stories — posts que desaparecerem em 24 horas —, outra grande aposta deste ano da rede social. , O empresário americano disse que as pessoas tendem a compartilhar cada vez mais ""no privado"". , Ele mesmo é bastante reservado com sua conta na plataforma. , Seu perfil não permite que estranhos lhe enviem solicitação de amizade nem acessem sua lista de amigos. É possível ver seu número de seguidores — cerca de 120 milhões — e sua conta no Instagram — @zuck —, em que acumula cinco milhões de fãs. , Zuckerberg diz em sua biografia onde vive (em Palo Alto, na Califórnia, EUA) e em que trabalha — é fundador e CEO do Facebook e trabalha na Iniciativa Chan Zuckerberg, fundação que criou com sua mulher, Priscilla Chan. , O fundador do Facebook usa a plataforma para divulgar comunicados oficiais da empresa e, de vez em quando, mostrar algo de sua vida pessoal. , Às vezes compartilha fotos com a família, viagens ou eventos pessoais, mas poucas vezes diz onde está ou informa quais são seus próximos destinos. , Um dos posts públicos mais recentes é essa foto de sua família comemorando o feriado americano Halloween: , Zuckerberg permite que qualquer pessoa comente em suas fotos e até responde a críticas mais leves. Mas não é possível publicar em seu mural. , Na foto sobre o Halloween, alguém comenta: ""Como pode você ser bilionário e ter fantasiasas tão toscas?"". , Ao que ele responde: ""As fantasias desse ano foram menos criativas. Mas as crianças ficaram bem fofas. Até a fantasia de bruxa da Priscilla ficou boa. Só a minha de esqueleto que ficou meio básica."" , Em 15 de outubro ele escreveu: ""Hoje descobri que minha filha acha que eu trabalho em uma livraria"". , Alguém critica sarcasticamente: ""Que fofa! Não esquece de contar para ela que, na verdade, você permitiu que os russos enfraquecessem nossa democracia."" Para esse comentário não há resposta. , Ele também publicou essa foto de sua filha, Max, com uma camiseta da fundação que ele criou com sua mulher: , E uma foto com um gatinho: , Neste vídeo, ele toca um xofar, um instrumento musical fabricado com chifre de carneiro, na noite de ano novo judaico: ""Shaná Tová e feliz Ano-Novo"", diz ele: , Nascido em uma cidade no interior do Estado de Nova York, Zuckerberg tem origem judaica e foi criado nessa religião — já adulto, disse que não seguia mais a fé dos pais e chegou a se declarar ateu. Hoje, afirma acreditar que a ""religião é algo muito importante"". , Suas publicaçõs sobre judaismo são bastante escassas. , Zuckerberg usa seu perfil bem mais para informar sobre novidades e projetos do Facebook, destacar sucessos da rede social e informar sobre eventos. , A página funciona como uma plataforma para divulgar sua marca pessoal com um toque informal - e é bastante ativa. , Às vezes, ele também expressa sua opinião sobre um assunto em particular, como o terrmoto que atingiu a Indonésia em outubro: , E o vazamento de dados que a rede social sofreu novamente em setembro: , Em sua página também há alguma fotos antigas, de 2005, quando estava começando seu novo projeto digital, que anos mais tarde se tornaria uma sucesso mundial. , Seu primeiro álbum é de novembro de 2005. É de um evento da revista americana BusinessWeek e tem algumas fotos borradas do empresário com seu laptop e uma em que aparece com sua mulher, Priscilla, que então ainda era sua namorada. , Assim como diversas pessoas conhecidas, Zuckerberg tem um perfil verificado – com uma insígnia azul que confirma que sua conta é oficial. , A foto mais antiga? Uma de 2002 compartilhada em álbum de 2006 com uma série de retratos que havia feito para jornais e revistas americanos: , As publicações que mais costumam despertar interesse de seus seguidores são suas resoluções de Ano-Novo, que ele publica todos os anos. , Ele já prometeu aprender mandarim, correr 587 km em um ano, criar um assistente virtual, visitar todos os Estados americanos e, o mais recente, consertar os problemas em que o Facebook se enolveu recentemente. , ""O mundo está ansioso e dividido, e o Facebook tem muito trabalho a fazer – quer seja proteger nossa comunidade de abuso e ódio, se defender contra interferências de outros países ou garantir que o tempo que as pessoas passam no Facebook seja bem aproveitado"", escreveu ele em janeiro. ""Meu desafio pessoal para 2018 é focar em arrumar essas questões importantes."" ","O fundador da plataforma costuma compartilhar mais coisas relativas aos trabalho, mas às vezes também divide momentos pessoais com seus seguidores","Como Mark Zuckerberg usa sua própria conta no Facebook"
"NoticesThatIWantToReadItem"," Você usa ,e tem o sistema operacional Android no seu celular? Então, é melhor fazer uma cópia de segurança das suas mensagens o quanto antes. , O Android é o sistema operacional da maior parte dos celulares Samsung, por exemplo. , A partir do dia 12 de novembro, todas as mensagens de WhatsApp que não estejam guardadas serão apagadas para quem não usa o sistema operacional da Apple, o iOS. , O anúncio se deve a um acordo feito entre o WhatsApp (que pertence ao ,) e o ,para permitir que todas as conversas, fotos e vídeos enviados pelo aplicativo possam ser armazenados no Google Drive, o serviço de hospedagem de arquivos do buscador, sem consumir espaço da conta do usuário. , A má notícia é que, se você não fez uma cópia de segurança das mensagens nos últimos 12 meses, o WhatsApp apagará todas as suas mensagens antigas, assim como todos os vídeos e fotos. Em muitos celulares, as mensagens são armazenadas de forma automática, periodicamente. , Em um comunicado na página do WhatsApp na internet, a empresa explicou que ""para evitar a perda destes dados, recomendamos que se faça uma cópia de segurança dos seus dados no WhatsApp antes do dia 12 de novembro de 2018"". , A mudança só afetará usuários de Android, pois o WhatsApp já tem acordo com a Apple para que os usuários de iPhone possam guardar seus dados na nuvem iCloud. , ""Você pode guardar suas mensagens e arquivos multimídia no Google Drive e, caso mude para outro telefone Android, poderá recuperar os arquivos"", disse o WhatsApp a respeito do acordo com o Google. , A empresa recomenda, ainda, que se conecte o telefone a uma rede Wi-Fi antes de fazer a cópia de segurança no Google Drive, uma vez que ""o arquivo pode variar de tamanho e consumir uma grande quantidade de dados móveis, gerando cobranças por parte da operadora de telefonia"". , Fonte: WhatsApp , Poder guardar seus dados sem usar espaço do telefone é uma boa notícia, mas alguns analistas criticaram a solução oferecida pelo WhatsApp. , É que, enquanto as conversas do WhatsApp são protegidas por um sistema de criptografia de ponta a ponta, as cópias de segurança do Google Drive não são. , Isso não significa que a informação se tornará pública, mas a falta da criptografia ponta a ponta torna as mensagens guardadas na nuvem mais suscetíveis de serem roubadas por pessoas e softwares mal-intencionados. , A solução proposta pelo WhatsApp é redobrar os cuidados com sua senha do Google Drive. , É preciso considerar, porém, que desde 2015, ano em que surgiu a possibilidade de fazer backups de mensagens do WhatsApp no Google Drive, não houve nenhum incidente de roubo de mensagens, segundo a empresa. ","Quem usa telefone com sistema Android precisa fazer uma cópia de segurança dos seus arquivos, no próprio aparelho ou no Google Drive. Saiba como.","Por que suas mensagens no WhatsApp poderão ser apagadas para sempre na 2ª feira"
"NoticesThatIWantToReadItem"," Apesar da forte expansão dos últimos anos, a grande maioria das fintechs brasileiras ainda está longe, muito longe, da realidade de grifes mais famosas do setor, como Nubank e GuiaBolso. , Segundo um estudo feito pela Visa com mais de 230 dessas plataformas de serviços financeiros criadas no país, apenas uma de cada cinco recebeu investimentos do tipo anjo ou de venture capital desde sua fundação. , E mesmo dentre as que captaram recursos de investidores, mais da metade — 55,4% — captaram até R$ 500 mil cada. Só 10,6% das pesquisadas receberam mais de R$ 2 milhões. , O levantamento, feito com startups que se inscreveram num programa de aceleração da Visa, joga luz sobre um segmento que tem ganhado crescente atenção de potenciais rivais, como bancos e empresas de meios de pagamentos, quanto de reguladores e investidores dentro e fora do Brasil. , O próprio Banco Central, que tem estimulado a atividade no setor dentro de sua campanha para aumentar a concorrência no sistema financeiro e assim derrubar tarifas e taxas de juros cobradas de clientes, publicou neste ano que já há mais de 400 delas em atuação no mercado brasileiro. , Mas a maioria esmagadora do setor ainda tem números de receita bastante tímidos, o que limita a atração de recursos de maior monta. Segundo o estudo, o faturamento de 78 das fintechs pesquisadas foi de menos de R$ 500 milnos últimos 12 meses. Só 16,6% delas superou a faixa de R$ 1 milhão. , ""Os dados mostram a importância de se criar oportunidades para o desenvolvimento de novos negócios com esses empreendedores"", disse o vice-presidente de produtos, soluções e inovação da Visa do Brasil, Percival Jatobá. , Outra revelação do levantamento é a concentração geográfica das fintechs, com 55% delas no estado de São Paulo. A capital paulista abriga a maioria dos projetos mais importantes de estímulo e aceleração de startups, como o Cubo, do Itaú Unibanco. , O próprio centro de aceleração da Visa ocupa um espaço do Habitat, um centro para estímulo à inovação e aceleração de startups do Bradesco. , Os números mostram a enorme distância entre a realidade da maioria de fintechs brasileiras do sonho de seus empreendedores, o de se tornar um unicórnio; jargão do mercado para identificar empresas nascentes de tecnologia que superaram a marca de US$ 1 bilhão em valor de mercado. , Segundo dados da consultoria CB Insights, havia mais de 260 startups no mundo inteiro dentro desse grupo, com apenas uma delas com sede no Brasil, a plataforma de cartões de crédito e contas de pagamentos Nubank, avaliada em US$ 4 bilhões. , Segundo Jatobá, porém, o tamanho do mercado brasileiro é visto como uma oportunidade para grandes investidores e empresas, especialmente as ligadas ao setor financeiro. , É o caso da própria Visa, cujo programa de aceleração no ano passado, funciona em parte como uma espécie de radar para identificar bons projetos de inovação no seu setor principal de meios eletrônicos de pagamento, que está passando por fortes transformações no mundo todo. , ""Casos que identificamos como de bom potencial podem ser tanto uma boa oportunidade de investimento para a própria Visa ou terem soluções que podemos apresentar a nossos clientes"", disse o executivo. , As startups selecionadas pelo programa participam de um processo de quatro meses de aceleração e incubação, incluindo no Vale do Silício. Das que se cadastraram, 28 delas já participaram desse processo. , Segundo especialistas, o cenário para entrada de mais capital estrangeiro no setor pode ganhar fôlego após o governo ter dispensado no mês passado as fintechs de aval presidencial específico para operarem se tiverem todo o capital de fora do país, desde que tenham autorização do Banco Central. ","Apenas uma de cada cinco recebeu investimentos do tipo anjo ou de venture capital desde sua fundação, aponta pesquisa da Visa.","Maioria das fintechs brasileiras ainda engatinha, afirma estudo"
"NoticesThatIWantToReadItem"," , , , , Olá, Nathaly! O Facebook oferece um canal de comunicação para que os usuários recorram a qualquer tipo de punição aplicada devido a violação dos termos de uso. Para entrar em contato com o suporte, você precisa ,, fornecer todos os dados exigidos no formulário e descrever a sua solicitação. O processo será analisado e após alguns dias, será enviada uma resposta para a conta de e-mail que você informou. , , , Olá, Paulo! Para monitorar o que as crianças estão fazendo na internet, é necessário instalar um aplicativo de controle parental. Esse tipo de tecnologia oferece diversas funcionalidades que auxiliam os responsáveis a controlar todo o conteúdo acessado pelos pequenos. Mas vale salientar que o acompanhamento presencial e o diálogo ainda são as ferramentas mais eficientes durante o processo de educação digital das crianças. , tem um guia detalhado sobre como usar aplicativos de Controle dos Pais. , , , Olá, Carlos Alberto! Para limitar o acesso a determinadas pastas de arquivos na galeria do celular, você pode usar um aplicativo chamado Vault. Através desse app, é possível criptografar o conteúdo de pastas selecionadas, bloquear com senha e monitorar a captura de telas. O Vault está disponível para download na Play Store. ","Coluna responde dúvidas sobre contas desativadas no Facebook, controle parental e gerenciamento de mídias baixadas pelo WhatsApp.","Facebook: como excluir uma conta que foi desativada por ter violado os termos de uso"
"NoticesThatIWantToReadItem"," Três entre cada dez brasileiros têm limitação para ler, interpretar textos, identificar ironia e fazer operações matemáticas em situações da vida cotidiana – e, por isso, são considerados analfabetos funcionais. , Neste ano eles, representam 29% da população entre 15 e 64 anos, mas o grupo já foi bem maior: em 2001, chegou a 39%, de acordo o , (Inaf). , O Inaf acompanha os níveis de analfabetismo no Brasil em uma série histórica desde 2001, mas, pela primeira vez neste ano, trouxe informações relacionadas ao contexto digital. Os dados relacionados ao uso de redes sociais foram divulgados nesta segunda-feira com exclusividade para a BBC News Brasil. , O instituto classifica os níveis de alfabetismo em cinco faixas: analfabeto (8%) e rudimentar (22%) (são considerados analfabetos funcionais); e elementar (34%), intermediário (25%) e proficiente (12%) (ficam na classificação de alfabetizados). , Para a pesquisa foram entrevistadas 2.002 pessoas entre 15 e 64 anos de idade, residentes em zonas urbanas e rurais de todas as regiões do país. , O grupo de analfabetos funcionais reúne os analfabetos absolutos, que assinam o nome com dificuldade, mas conseguem eventualmente ver preços de produtos, conferir troco, ligar para um número de telefone e identificar um ônibus pelo nome; e os rudimentares, que só leem o suficiente para localizar informações explícitas em um texto curto, sabem somar dezenas, mas não conseguem identificar qual operação matemática é necessária para resolver um problema, por exemplo. , De acordo com a pesquisa, entretanto, mesmo com suas dificuldades, os analfabetos funcionais são usuários frequentes das redes sociais. Entre eles, 86% usam WhatsApp, 72% são adeptos do Facebook e 31% têm conta no Instagram. , Assim, quando se comparar o índice de uso entre os dois grupos - alfabetizados e não-alfabetizados – a diferença não é tão grande. Entre os considerados proficientes, por exemplo, 89% usam o Facebook. , A falta de repertório dos analfabetos funcionais, contudo, faz com que o acesso a essas plataformas seja mais limitado. ""Essas pessoas não vão tirar proveito das redes sociais para conseguir informações, garantir direitos, porque não conseguem discernir conteúdos. Teriam a mesma limitação com um jornal escrito, por exemplo; a diferença é que este elas não vão acessar"", afirma a pesquisadora Ana Lima, responsável pela elaboração do indicador. , Os dados da pesquisa corroboram o que a especialista diz: entre os analfabetos funcionais, 12% enviam mensagens escritas e escrevem comentários em publicações do Facebook, 14% leem mensagens escritas e 13% curtem publicações. Para efeito de comparação, entre os que têm nível de alfabetização proficiente, 44% enviam mensagens escritas, 43% escrevem comentários em publicações, 47% leem mensagens escritas e curtem publicações. , ""Quem tem mais domínio do alfabetismo usa mais o Facebook, mas o que chama a atenção é a diferença pequena (de utilização entre analfabetos e não), principalmente se você pensar na limitação de um analfabeto funcional. O Facebook está cheio de textos, imagens, exige escrita, por isso revela uma potência desses suportes digitais como estimulador do avanço do alfabetismo"", ela afirma. , Já no WhatsApp quase não há diferença de uso entre os grupos divididos por nível de alfabetização. Enquanto 92% dos analfabetos funcionais enviam mensagens escritas, o índice é de 99% entre os alfabetizados; 84% dos analfabetos funcionais compartilham textos que outros usuários enviaram, já 82% dos alfabetizados fazem isso. , Pollyana Ferrari, jornalista, pesquisadora de mídias digitais e professora da PUC-SP, diz que o brasileiro aderiu integralmente ao WhatsApp, até porque é uma plataforma gratuita que substituiu o SMS, que é cobrado pelas operadoras de telefonia celular. , ""Todo mundo usa o WhatsApp, do médico ao entregador de pizza, do executivo à faxineira, mas ninguém foi treinado, e cada um usa e propaga da forma que consegue compreender."" , Um dos reflexos do baixo nível de alfabetismo no contexto digital é que estas pessoas ficam mais vulneráveis à desinformação, especialmente memes, imagens manipuladas e usadas em contexto falso, segundo Christine Nyirjesy Bragale, vice-presidente de comunicação do The News Literacy Project. , ""Obviamente elas têm uma capacidade limitada para checar através de pesquisa e leituras paralelas, e seu acesso a jornalismo impresso de qualidade é limitado"", explica Christine, que está no Brasil a convite da Embaixada Americana para debater o tema nesta segunda em evento na sede do movimento Todos pela Educação, em São Paulo. , Para a especialista norte-americana, o primeiro passo é garantir que as pessoas, independentemente de seus níveis de leitura, compreendam que a desinformação pode vir por diferentes canais, incluindo imagens manipuladas e vídeo e se espalhar rapidamente. , ""Só essa consciência já é um começo para combater a desinformação e diminuir a sua propagação."" , Pollyana Ferrari acredita que o trabalho de conscientização só virá com o amadurecimento do uso das redes sociais, que ainda é recente no Brasil - tem 14 anos -, além de educação. Ela cita o caso de Portugal, que oferece aulas de letramento em mídias digitais nas escolas de educação básica desde os anos 90. , ""A pessoa não vai deixar de ver um vídeo e compartilhar, o brasileiro acredita muito no grupo do WhatsApp da família, seja para o bem ou para o mal. As pessoas têm direito de ter um celular, pode ter mais risco de cair em golpes e receber vírus, mas vai aprender usando. Mas não há o que fazer, a responsabilidade é dos governos, das empresas, de treinar, formar, o trabalho é coletivo e de 'formiguinha'."" , A professora lembra que, até pela dificuldade de interpretação de texto, as mensagens falsas se propagam mais por mensagens em áudio. ""Muita gente acredita nas 'fakes news' porque não tem bagagem, não tem senso crítico, quando há uma escolaridade precária, a pessoa fica muito mais manipulável."" , ""Somos um país pobre, de baixa escolaridade, a gente saiu da TV aberta, mas houve um deslocamento para as redes sociais sem nenhuma capacidade de discernimento. Numa sociedade democrática com baixa escolaridade, a manipulação de informação é mais fácil de acontecer"", explica Pollyana. , Os dados desta edição do Inaf mostram que, entre o grupo de 29% dos analfabetos funcionais, 4% estão no ensino superior, nível de ensino em que se pressupõe um aluno plenamente alfabetizado. , A pesquisadora Ana Lima reforça que a escolaridade é o fator determinante do nível do analfabetismo, mas, ao mesmo tempo, ela não garante o que é esperado. , ""Para mexer no nível de proficiência precisamos de educação de qualidade. Uma educação que desloque o aluno de um nível mais coloquial para entender ironia, interpretação de texto, capacidade de distinguir fato de opinião. Isso é ir além de leitura mecânica, é saber ler nas entrelinhas"", afirma. , A pesquisadora reforça que, para o cursar o ensino superior, é óbvio imaginar que as pessoas deveriam estar plenamente alfabetizadas para conseguir discutir, fazer análise, participar e debater. ""Sem isso não é possível se formar."" , João Batista Oliveira, presidente do Instituto Alfa e Beto, diz que o cenário é desolador principalmente porque ""melhorias não estão no radar."" ""O prejuízo é gigantesco, porque compromete a produtividade da economia e as chances de a educação contribuir para a melhoria de vida das pessoas. Para as pessoas situadas entre os analfabetos funcionais, a perspectiva de vida é muito limitada. O Brasil optou pela quantidade, em detrimento da qualidade."" ","Pesquisa aponta que 29% da população adulta não está plenamente alfabetizada, mas não deixa de acessar as redes sociais: 86% deles usam WhatsApp e 72%, Facebook.","Como o analfabetismo funcional influencia a relação com as redes sociais no Brasil"
"NoticesThatIWantToReadItem"," Austin Thompson, um norte-americano de 23 anos, confessou ser responsável por ataques que desestabilizaram ou derrubaram serviços de rede de diversas empresas ligada aos games, resultando em prejuízos de US$ 95 mil (cerca de R$ 350 mil). , O caso foi anunciado pelo Departamento de Justiça dos Estados Unidos na última terça-feira (6). , Os ataques ocorreram entre dezembro de 2013 e janeiro de 2014. Thompson revelava os alvos dos seus ataques pelo Twitter, no perfil ""@DerpTrolling"". Lá, ele anunciava os ataques e depois comemorava os resultados. , Na conta do DerpTrolling, estão insinuados ataques contra servidores do game League of Legends, Minecraft e Guild Wars 2. O Departamento de Justiça, porém, não especificou quais dos ataques foram incluídos na declaração de Thompson. , Ele pode ser obrigado a cumprir 10 anos de prisão em regime fechado e a pagar uma multa de até US$ 250 mil (o equivalente a R$ 920 mil), mas é possível que a pena seja reduzida pelo acordo de confissão. A sentença deve sair só em março do ano que vem. ","Norte-americano foi investigado pelo FBI e pode ser multado em até US$ 250 mil.","Homem confessa ataques contra empresas de videogame e pode pegar 10 anos de prisão"
"NoticesThatIWantToReadItem"," A mãe de Akihiko Kondo recusou o convite de casamento de seu único filho, no mês passado em Tóquio. O motivo: ele iria se casar com um holograma. , ""Para minha mãe não era algo digno de celebração"", conta este homem de 35 anos cuja ""esposa"" é uma cantora de realidade virtual chamada Hatsune Miku. , Na realidade, nenhum dos familiares de Kondo compareceu a seu casamento com Miku, um desenho animado de 16 anos de olhos arregalados e com um longo rabo de cavalo azul. Isso não impediu que Kondo gastasse 2 milhões de ienes (US$ 17,6 mil) em uma cerimônia formal em Tóquio. , Quase 40 convidados testemunharam o ""sim"" a Miku, presente fisicamente na forma de uma pelúcia do tamanho de um gato. ""Nunca a traí, sempre fui apaixonado por Miku"", disse Kondo à AFP uma semana depois do casamento. ""Pensei nela todos os dias"". , Kondo vive desde março com um holograma de Miku que se movimenta e fala de um dispositivo de mesa que custa US$ 2.800. , Kondo se considera um homem casado como qualquer outro. Sua esposa-holograma o acorda todas as manhãs e lhe dá ""adeus"" quando ele sai para trabalhar como administrador em uma escola. Durante as tardes, quando ele diz por telefone que está voltando para a casa, ela acende as luzes. Depois, o avisa que é hora de ir dormir. , Ele dorme com a versão de pelúcia de Miku que esteve no casamento e que agora tem uma aliança na mão esquerda. Kondo não se importa que seu matrimônio não tenha base legal. Ele até levou a Miku de pelúcia a uma joalheria para comprar o anel que sela a união. , A Gatebox, empresa que produz o dispositivo do holograma de Miku, expediu um ""certidão de matrimônio"" em que consta que um humano e um personagem virtual se casaram ""além das dimensões"". , Kondo não está sozinho. A Gatebox emitiu mais de 3.700 certificados de casamentos ""interdimensionais"". , O caminho de Kondo até Miku chegou depois de vários encontros difíceis com mulheres quando ele era um adolescente louco por animação. ""As meninas costumavam dizer 'Morra, otaku asqueroso!"", lembra, utilizando um termo japonês para os fãs de animação que pode ter uma conotação negativa. , Ele conta que, já mais velho, uma companheira de um trabalho anterior o assediou até ele manifestar uma depressão nervosa. Foi quando ele decidiu que nunca se casaria. , Isso não seria algo raro no Japão de hoje em dia. Em 1980 somente um em cada 50 homens chegava aos 50 anos sem se casar pelo menos uma vez. Atualmente, essa proporção é um em cada quatro. , Entretanto, Kondo se deu conta de que estava há mais de uma década apaixonado por Miku e decidiu casar-se com ela. , ""Miku é a mulher que eu amo e também a que me salvou"", diz. , Embora Kondo reconheça que gosta de ser amigo de uma ""mulher em 3D"", ele não está interessado em uma relação romântica com uma mulher de verdade. Os personagens de duas dimensões não podem trair, não envelhecem e não morrem, ressalta. , Mesmo em um país obcecado por animações, o casamento de Kondo surpreendeu muita gente. Ele quer ser reconhecido como uma ""minoria sexual"" que não pode se imaginar tendo uma relação com uma mulher de carne e osso , ""Não é justo, é como querer que um homem gay tenha encontros com uma mulher, ou que uma lésbica se relacione com um homem"", compara. ","Esposa de Akihiko Kondo é um holograma de 16 anos de olhos arregalados e com um longo rabo de cavalo azul. Cerimônia custou US$ 17 mil.","O homem japonês que ""casou"" com uma cantora de realidade virtual"
"NoticesThatIWantToReadItem"," Pelo menos 11 jovens morreram e outros oito estão em estado grave devido a um incêndio ocorrido no domingo (11) à noite em um dormitório masculino do internato de ensino médio St. Bernard, no distrito de Rakai, no sul de Uganda. , A 11ª vítima morreu na segunda-feira, e todas tinham entre 15 e 22 anos de idade, segundo veículos de imprensa locais. , Pelo menos três estudantes, assim como o diretor do centro, foram detidos para esclarecer o que pode ter provocado o incêndio e a razão pela qual as saídas de emergência estavam bloqueadas, de acordo com o jornal local ""Daily Monitor"". , ""Disseram que aconteceram alguns casos de indisciplina, e os suspeitos que temos vão enriquecer as nossas investigações"", afirmou hoje à imprensa o chefe de Polícia de Rakai, Ben Nuwamanya. , ""As investigações começaram a todo vapor e os culpados serão conhecidos em breve. No entanto, por que a porta de emergência estava fechada de forma permanente? Condeno a administração"", afirmou o ministro de Segurança, Elly Tumwine. , Segundo testemunhas citadas pelo ""Daily Monitor"", a atuação das autoridades também não foi a adequada, já que a Polícia demorou mais de duas horas para chegar ao internato após ser informada do incêndio. ","Todas as vítimas eram estudantes do internato de ensino médio St. Bernard, no distrito de Rakai, e tinham entre 15 e 22 anos. Oito jovens estão em estado grave e 11 morreram; três alunos e diretor foram detidos para esclarecimentos.","Incêndio em dormitório de internato em Uganda deixa 11 mortos"
"NoticesThatIWantToReadItem"," A calma voltou à fronteira entre Israel e Gaza nesta segunda-feira (12) após uma operação secreta israelense na Faixa de Gaza que foi descoberta e levou a combates que resultaram na morte de ,. , Palestinos lançaram 17 foguetes contra o sul de Israel na noite de domingo em reação à incursão e a ataques aéreos que o Hamas, o principal grupo armado de Gaza, disse terem visado cobrir o recuo de um carro usado pelos soldados israelenses. , Não surgiram relatos de feridos ou danos em Israel, mas os militares disseram que um coronel, identificado somente como ""M"", foi morto na operação e que outro militar ficou ferido. , O Hamas disse que as ações israelenses minaram os esforços do Egito, do Catar e da Organização das Nações Unidas (ONU) para mediar um cessar-fogo de longo prazo entre o grupo palestino e o Estado judeu e abrandar um bloqueio israelense que aprofundou as dificuldades econômicas em Gaza. , Mas nenhum dos lados parece disposto a intensificar o conflito. , Na sexta-feira o Hamas recebeu US$ 15 milhões de dólares doados pelo Catar via Israel para pagar salários de funcionários civis e combustível para amenizar a crise energética de Gaza. Não surgiram relatos de novos lançamentos de foguetes na manhã desta segunda-feira. , A violência tem irrompido com regularidade na fronteira Israel-Gaza desde que palestinos iniciaram protestos no local em 30 de março para exigir direitos a terras perdidas na guerra de 1948 que levou à fundação de Israel. , Disparos israelenses mataram mais de 220 palestinos desde o início das manifestações, que incluíram invasões pela cerca da divisa de Israel. , O Hamas disse que, durante os confrontos de domingo, agressores em um veículo em movimento abriram fogo contra um grupo de seus homens armados e mataram um de seus comandantes locais, Nour Baraka. , Em seguida houve uma perseguição, e testemunhas afirmaram que aeronaves israelenses dispararam mais de 40 mísseis na área. Autoridades palestinas disseram que, além de Baraka, cinco outros homens do Hamas e um membro dos Comitês de Resistência Popular foram mortos. , Em uma tentativa aparente de apaziguar as tensões, o principal porta-voz dos militares de Israel disse que as forças especiais não foram acionadas para assassinar comandantes do Hamas, uma tática que intensificou conflitos no passado e que foi praticamente descartada. ","Operação secreta israelense foi descoberta e levou a combates que resultaram na morte de um comandante do Hamas, seis outros militantes palestinos e um coronel israelense.","Fronteira entre Israel e Gaza se acalma após operação israelense"
"NoticesThatIWantToReadItem"," O governo de Israel informou que dezenas de foguetes foram lançados da Faixa de Gaza contra áreas do sul israelense, ao que respondeu enviando caças para destruir ""alvos terroristas"" no território palestino, nesta segunda-feira (12). Dois palestinos morreram nos ataques israelenses, segundo o Ministério da Saúde local. , Sirenes de alerta foram acionadas no sul de Israel e um ônibus israelense foi atingido pelos projéteis palestinos, segundo o exército israelense. O ""Iron Dome"", sistema de interceptação de mísseis dos israelenses, foi ativado. , Até então, a calma parecia ter voltado à fronteira entre Israel e Gaza após a operação secreta israelense na Faixa de Gaza que foi descoberta e levou a combates que resultaram,. , Palestinos lançaram 17 foguetes contra o sul de Israel na noite de domingo em reação à incursão e a ataques aéreos que o Hamas, o principal grupo armado de Gaza, disse terem visado cobrir o recuo de um carro usado pelos soldados israelenses. , Não surgiram relatos de feridos ou danos em Israel, mas os militares disseram que um coronel, identificado somente como ""M"", foi morto na operação e que outro militar ficou ferido. , A violência tem irrompido com regularidade na fronteira Israel-Gaza desde que palestinos iniciaram protestos no local em 30 de março para exigir direitos a terras perdidas na guerra de 1948 que levou à fundação de Israel. , Disparos israelenses mataram mais de 220 palestinos desde o início das manifestações, que incluíram invasões pela cerca da divisa de Israel. , O Hamas disse que, durante os confrontos de domingo, agressores em um veículo em movimento abriram fogo contra um grupo de seus homens armados e mataram um de seus comandantes locais, Nour Baraka. , Em seguida houve uma perseguição, e testemunhas afirmaram que aeronaves israelenses dispararam mais de 40 mísseis na área. Autoridades palestinas disseram que, além de Baraka, cinco outros homens do Hamas e um membro dos Comitês de Resistência Popular foram mortos. , Em uma tentativa aparente de apaziguar as tensões, o principal porta-voz dos militares de Israel disse que as forças especiais não foram acionadas para assassinar comandantes do Hamas, uma tática que intensificou conflitos no passado e que foi praticamente descartada. ","Segundo exército de Israel, um ônibus israelense foi atingido por um projétil. Violência acontece após operação secreta em Gaza que resultou na morte de um comandante do Hamas, seis outros militantes palestinos e um coronel israelense.","Israel responde com ataques aéreos a foguetes lançados de Gaza"
"NoticesThatIWantToReadItem"," A União Europeia (UE) e o Mercosul iniciaram nesta segunda-feira (12) uma nova rodada de negociações com o objetivo de avançar o máximo possível nos assuntos pendentes para um acordo de associação antes que Jair Bolsonaro tome posse com o presidente do Brasil em janeiro. , As equipes negociadoras dos dois blocos se reúnem a partir de hoje em Bruxelas para as conversas que durarão, previsivelmente, até a próxima sexta-feira. No entanto, fontes do bloco europeu explicaram à Agência Efe que a rodada pode se alongar em função dos progressos obtidos. , A UE e o Mercosul negociam desde 2000, com grandes desafios, o acordo com base em três pilares: o diálogo político, a cooperação e o livre-comércio. No entanto, com a chegada à reta final das negociações, as partes tentam apressar o calendário para, se não conseguirem fechar o acordo, tê-lo o mais avançado possível antes da chegada de Bolsonaro ao poder. , ""No ano que vem veremos o que vai acontecer. Por isso, estamos tentando dar o último empurrão ou, pelo menos, um que seja grande o bastante para chegarmos verdadeiramente perto"" do acordo, reconheceu a comissária europeia. , Malmström afirmou que os contatos entre UE e Mercosul ""foram intensificados"" nas últimas semanas, e que as partes estão ""fazendo progressos"", mas ressaltou que ""ainda há coisas a fazer"". , A presidência rotativa do Conselho da UE, por sua vez, alertou durante a reunião de ministros de comércio do bloco que os planos de Bolsonaro podem incluir ""renegociar e reabrir"" capítulos do tratado que já eram dados por fechados, a julgar pelos comentários que ele fez durante a campanha eleitoral. , ""Do meu ponto de vista, não vamos ceder em nada que rebaixe os padrões da Europa, tanto em agricultura como em produtos industriais"", enfatizou a ministra de Economia da Áustria, Margarete Schramböck, cujo país ocupa a presidência rotativa da UE neste semestre. , Além disso, fontes dos países do Mercosul também consideram complicado um acordo com Bolsonaro no poder. , Na semana passada, o ministro de Economia e Finanças do Uruguai, Danilo Astori, considerou ""difícil"" a consecução do tratado comercial por causa das diferenças internas nos blocos e pela ""incerteza"" sobre a postura do novo governo brasileiro. , Entre os assuntos sensíveis que ainda impossibilitam o fechamento do acordo estão as indicações geográficas, os setores automotivo e de laticínios e a oferta da UE de ""acesso ao mercado de produtos"", segundo detalhou no mês passado o chanceler uruguaio, Rodolfo Nin Novoa, que adiantou na época que o Mercosul levaria novas propostas à UE. , Na parte europeia, o secretário de Estado francês para a Europa e Relações Exteriores, Jean-Baptiste Lemoyne, comentou na sexta-feira, antes do início da atual rodada de negociações, que seu país, que tem especial interesse em proteger sua produção agrícola, quer ""um acordo equilibrado"" que reconheça as indicações geográficas protegidas europeias e permita melhor acesso ao Mercosul. , ""Por enquanto, não chegamos lá"", disse Lemoyne, que lembrou que Bolsonaro evocou ""inclusive uma saída (do Brasil) do Mercosul"". , ""Se não há um acordo equilibrado, não haverá acordo"", concluiu o representante francês. , Fontes da UE reiteraram para a Efe que o bloco ""segue comprometido com uma conclusão bem-sucedida de um acordo ambicioso, equilibrado e mutuamente benéfico com o Mercosul, assim que estiverem presentes todos os elementos necessários"". ","Partes negociam desde 2000 acordo com base em três pilares: o diálogo político, a cooperação e o livre-comércio. ","UE e Mercosul negociam para avançar em acordo antes da chegada de Bolsonaro"
"NoticesThatIWantToReadItem"," Os líderes separatistas pró-Rússia venceram, como estava previsto, as eleições locais no leste da Ucrânia, segundo resultados quase definitivos publicados nesta segunda-feira (12), em uma votação considerada ilegítima por Kiev e pelos países ocidentais. , Protegidos por militares armados com kalashnikov e recompensados com bilhetes de loteria, os habitantes dos territórios separatistas foram às urnas no domingo para eleger ""presidentes"" e ""deputados"" para as duas ""repúblicas populares"" autoproclamadas pelos rebeldes em Donetsk (DNR) e em Lugansk (LNR), que há quatro anos escapou do poder de Kiev. , De acordo com as comissões eleitorais de ambos os territórios, com 95% dos votos contados, os atuais chefes interinos ganharam a votação: Denis Pushilin alcançou 60,9% em Donetsk e Leonid Pasechnik 68,4% em Lugansk. , A votação reforçará a separação desses territórios do resto do país e legitimará seus novos dirigentes, enquanto que o processo de paz se encontra em ponto morto e os confrontos esporádicos continuam aumentando o balanço do conflito, que deixou 10 mil mortos, segundo a ONU. , ""Demonstramos a todo o mundo que podemos não só travar uma guerra (...), mas também construir um Estado"", disse Pushilin, que é o governador interino da DNR desde o assassinato de seu antecessor, diante de um grupo de pessoas em Donetsk, uma das ""capitais"" separatistas. , ""Combates ainda nos esperam contra um inimigo traiçoeiro e cruel"", disse ele em referência ao governo de Kiev. , , , A participação ultrapassou 80% na ""república de Donetsk"" e 77% na ""república de Lugansk"", disseram as respectivas autoridades. , Para atrair os eleitores às urnas, cada pessoa que votava recebeu um ingresso gratuito para uma loteria organizada no mesmo local, cujo prêmio era um ingresso para o teatro ou um concerto. Além disso, os organizadores da votação ofereceram comida e degustação gratuita para os eleitores. Em Lugansk foram prometidos aos primeiros 300 mil eleitores um cupom da operadora separatista para seus celulares, por 100 rublos (1,3 euro). , A realização dessas eleições provocou protestos furiosos de Kiev e de países ocidentais, que veem a interferência de Moscou e as consideram contrárias aos acordos de paz de Minsk. , ""As eleições estão organizadas sob a ameaça de metralhadoras russas em um território ocupado"", disse o presidente da Ucrânia, Petro Poroshenko, na noite de sábado. , No domingo, a chefe da diplomacia da União Europeia, Federica Mogherini, denunciou eleições ""ilegais e ilegítimas"" e assegurou que não serão ""reconhecidas"" pelos 28. , ""Estas eleições são uma piada"", acrescentou o enviado especial americano para a Ucrânia, Kurt Volker. , Oito países europeus - Alemanha, Bélgica, França, Grã-Bretanha, Itália, Holanda, Polônia e Suécia - pediram à Rússia que usasse sua ""influência"" para impedir a realização das eleições. , Os Estados Unidos, por sua vez, classificaram nesta segunda de ""farsas"" as eleições de domingo na zona separatista da Ucrânia. , ""Os Estados Unidos se juntam a seus aliados europeus e parceiros para condenar a farsa das eleições de 11 de novembro no leste da Ucrânia controladas pela Rússia"", disse a porta-voz do Departamento de Estado, Heather Nauert, em um comunicado. , Rússia e Ucrânia têm relações ruins desde a chegada ao poder em Kiev, em 2014, do pró-Ocidente, após a revolta da Maidan, seguida pela anexação da península ucraniana da Crimeia pelos russos e o conflito com os separatistas no leste. , Ucrânia e os ocidentais acusam Moscou de apoiar militarmente os separatistas, algo que a Rússia desmente. , Os acordos de paz de Minsk, assinados em fevereiro de 2015, tornaram possível reduzir significativamente os confrontos, mas mesmo assim houve episódios de violência periodicamente na linha de frente, onde quatro soldados ucranianos foram mortos no sábado. , As , são dirigidas há meses por chefes interinos que tiveram sua autoridade referendada pelos votos. ","Autoproclamadas repúblicas, Donetsk e Lugansk escaparam do poder do governo ucraniano há 4 anos. Kiev e países ocidentais não reconheceram eleições. ","Líderes pró-Rússia vencem eleições em áreas separatistas no leste da Ucrânia"
"NoticesThatIWantToReadItem"," Começa nesta segunda-feira (12) o julgamento de um caso que chocou a França em 2013. Uma mãe escondeu durante dois anos um bebê de uma gravidez indesejada no bagageiro de seu carro. O pai alega que não sabia da existência da criança, criada em condições extremamente precárias até ser descoberta por mecânicos, no sudoeste do país. , A franco-portuguesa Rosa-Maria da Cruz, de 50 anos, começa a ser julgada nesta segunda-feira por violência seguida de mutilação ou enfermidade permanente sobre menor de 15 anos, privação de cuidados ou alimentos comprometendo a saúde de uma criança e dissimulação da existência de uma criança. Por esses crimes, ela pode ser condenada a até 20 anos de prisão. , O caso data de 2013 e é descrito como ""um espetáculo horripilante"", por um dos homens que trabalhavam na oficina mecânica de Terrasson, sudoeste da França, onde uma menina de dois anos foi descoberta em um berço portátil dentro do bagageiro de um Peugeot 307. , Coberta de excrementos, pálida, sem conseguir manter a cabeça em pé e respirando como se estivesse sufocando, a criança foi encontrada porque a mãe, Rosa-Maria da Cruz, parou no local para resolver um problema no carro. , Segundo os mecânicos, a mulher insistiu para que o bagageiro não fosse aberto ""porque estava cheio"". Mas um dos funcionários da oficina, Guillaume Iguacel, de 39 anos, ficou intrigado com gemidos vindos de dentro do veículo, que imaginou que fossem de um animal. , Sem que a mulher percebesse, o homem resolveu chamar um colega, Denis Latour, de 64 anos, que discretamente abriu o bagageiro e se deparou ""com a visão do horror"". , Os dois homens contam que Rosa-Maria não parecia incomodada ou constrangida com a situação. Ela chegou a consentir que a criança fosse retirada do bagageiro para que os homens lhe dessem água. , ""Quando a mãe pegou a menina no colo, foi um horror. A cabeça, os braços, tudo estava desarticulado, seus olhos se reviravam"", contou Denis Latour, à rádio France Info. , Os dois homens acionaram a polícia e os bombeiros, que confirmam, em seus relatórios, que a criança foi encontrada em um ambiente ""de odor pestilento, de putrefação"". , Detidos, a mãe e o pai, Domingos Sampaio Alves, também de origem portuguesa, foram ouvidos pela polícia, a quem Rosa-Maria confessou ter escondido por dois anos a criança – que nomeou de Serena - devido à gravidez indesejada. , O homem garantiu não saber da existência da menina: embora o carro permanecesse estacionado na garagem de casa, o homem não o utilizava porque não sabe dirigir. , O casal tem outros três filhos, com idades hoje de 11 a 17 anos. Depois da descoberta de Serena, eles passaram um tempo sob a tutela do Estado, mas voltaram para a casa dos pais tempos depois. Rosa-Maria não cumpriu prisão preventiva. , Entrevistados pela mídia francesa, os familiares de Rosa-Maria, em Portugal, relatam diversas gravidezes indesejadas. A gestação da terceira criança, nascida em 2009, também foi dissimulada até quase o final. , Domingos é pedreiro e diz ter longos dias de trabalho, passar pouco tempo com a família e quase não ter acompanhado as gravidezes de Rosa-Maria. , ""Ela teve a criança em casa, praticamente em pé, na escadaria"", contou ao Libération um dos vizinhos do casal que ajudou no terceiro parto de Rosa-Maria. Ele se lembra especialmente da reação de Domingos: ""quando dissemos a ele que era uma menina, respondeu que não aguentava mais ter filhos"". , Dois anos mais tarde, a história se repetiu, desta dez sem que os vizinhos percebessem. Rosa-Maria diz ter descoberto a gravidez quando já estava no oitavo mês de gestação, mas não contou para ninguém. , Em 24 de novembro de 2011, no começo da manhã, a franco-portuguesa deu à luz sua quarta criança, mas sem que ninguém percebesse. ""Cortei o cordão umbilical, a segurei nos braços, fiz aquela besteira, a escondi. Depois, acordei os pequenos, os preparei para ir à escola, como se nada tivesse acontecido. (...) Me escondi na minha mentira"", contou a mulher à emissora TF1. , Serena, que completará 7 anos em alguns dias, foi adotada por outra família. Devido aos anos que passou em isolamento dentro do bagageiro do carro, a menina sofre de um déficit em seu desenvolvimento físico e mental de 80% e irreversível, segundo os especialistas. ","O pai alega que não sabia da existência da criança, criada em condições extremamente precárias até ser descoberta por mecânicos, no sudoeste do país. ","Mulher que escondeu bebê durante dois anos no bagageiro do carro é julgada na França"
"NoticesThatIWantToReadItem"," As imagens de uma menina filipina de 2 anos com uma fantasia que a faz parecer decapitada estão fazendo muito sucesso na internet. A mãe Krystel Hwang publicou no Facebook algumas fotos e vídeos da menina andando por aí no Halloween, e os posts já tem mais de 15 milhões de visualizações em 3 dias. A família mora em Parañaque, na Grande Manila. , Krystel contou ao portal local GMA que Maya e seu irmão de 6 anos, Charlie, ajudaram a fazer suas fantasias. ""Gostei que não ficaram assustados. Eles sabem que é só maquiagem."" ","A pequena garota filipina Maya foi pedir doces no Halloween parecendo decapitada. Posts da mãe já somam mais de 15 milhões de visualizações. ","Menina de 2 anos faz sucesso com fantasia de decapitada no Halloween; veja vídeo"
"NoticesThatIWantToReadItem"," Um garoto dividiu com seus colegas da escola um momento de carinho que recebeu da mãe. Ele compartilhou alguns de seus lápis com várias frases motivacionais: ""Você é talentoso"", ""Você é criativo"", ""Eu amo você"". , O gesto emocionou a professora Amanda Cox, que fez um post no Facebook. ""A mãe provavelmente levou alguns minutos para fazer as mensagens, mas isso iluminou todo o nosso dia na escola. O garoto não ficou envergonhado por sua mãe escrever em seus lápis. Graças a ela, ele lembrou do próprio valor e quis compartilhar o mesmo sentimento com os colegas de classe"". , Poucos dias antes do post de Cox, uma diretora de outra escola americana divulgou mais um gesto de carinho. , A ,, mas resolveu fazer nas bananas servidas no almoço dos alunos. Eram mensagens como ""Nunca desista"", ""Você é amado"", ""Seja um herói"". Veja a foto: ","'Você é tão talentoso', 'você é perfeito', e 'eu te amo' são algumas das frases escritas pela mãe do estudante no material escolar.","Garoto divide com colegas do colégio lápis com mensagens de amor e motivação"
"NoticesThatIWantToReadItem"," Seu smartphone pode determinar se você está tendo a forma mais séria - e mortal - de ataque cardíaco? Um novo estudo diz que pode - e pode ser uma ferramenta valiosa para salvar vidas. , O estudo internacional, liderado por pesquisadores do Instituto do Coração Intermountain Medical Center em Salt Lake City, nos EUA, descobriu que um aplicativo de smartphone para monitorar a atividade cardíaca e determinar se alguém está tendo um infarto do miocárdio tem quase a mesma precisão que um eletrocardiograma (ECG) padrão de 12 derivações, usado para diagnosticar ataques cardíacos. , O infarto do miocárdio é um ataque cardíaco em que a artéria é completamente bloqueada. , Pesquisadores dizem que as descobertas são significativas porque a velocidade do tratamento após um ataque cardíaco deste tipo ajuda a salvar vidas. , ""Quanto mais cedo você conseguir abrir a artéria, melhor o paciente ficará. Descobrimos que esse aplicativo pode acelerar drasticamente os processos e salvar sua vida"", disse J. Brent Muhlestein, principal autor do estudo e pesquisador cardiovascular no Instituto do Coração do Centro Médico Intermountain. , No estudo, 204 pacientes com dor no peito receberam um eletrocardiograma padrão de 12 derivações e um através do aplicativo AliveCor, que é administrado através de um smartphone com um acessório de dois fios. Os pesquisadores descobriram que o aplicativo com a configuração de fios é eficaz na distinção de infarto do miocárdio com precisão e alta sensibilidade em comparação com um eletro tradicional de 12 derivações. , Um infarto do miorcárdio é um tipo muito grave de ataque cardíaco durante o qual uma das principais artérias do coração - que fornece oxigênio e sangue rico em nutrientes ao músculo cardíaco - é bloqueada. A elevação do segmento ST é uma anormalidade detectável no eletrocardiograma de 12 derivações. , Os pesquisadores apresentaram os resultados do estudo na Sessão Científica de 2018 da Associação Americana do Coração em Chicago. , Os pesquisadores conduziram o estudo em cinco locais internacionais associados à Sociedade Cardiovascular Cooperativa da Universidade Duke, com o Instituto do Coração do Intermountain Medical Center atuando como instituição coordenadora onde coletaram e compilaram dados. , A ideia para esse tipo de configuração de eletrocardiograma talvez tenha surgido do uso de esteiras para o desenvolvimento pessoal de condicionamento físico, disse o Dr. Muhlestein. , ""Muitas pessoas que usam esteiras usam um dispositivo simples que pode detectar sua freqüência cardíaca, através de uma única derivação do eletrocardiograma, mais preciso do que apenas verificar o pulso. É um simples salto de lá para colocá-lo em um smartphone e, em seguida, gravar o mesmo eletrocardiograma de várias posições do corpo"", disse. , Um ecocardiograma típico tem 12 derivações, o que melhora a precisão de um diagnóstico, pois os ataques cardíacos ocorrem em diferentes partes do coração, e cada receptor examina uma parte diferente. Com o aplicativo AliveCor, os dois cabos são movidos ao redor do corpo para registrar todas as 12 partes. , As descobertas do estudo são importantes por duas razões, segundo o Dr. Muhlestein. , ""A primeira é que pode acelerar o tratamento urgente de que o paciente precisa depois de sofrer um infarto do miocárdio. A Associação Americana do Coração recomenda o 'tempo porta-balão' - ou o tempo de quando um paciente entra no hospital até quando um cateter com um balão na ponta é inserido na artéria bloqueada do paciente, inflado para achatar a placa contra a parede da artéria - seja inferior a 90 minutos"", explica. , ""Se alguém sente dores no peito e nunca teve dor no peito antes, pode pensar que é apenas um pequeno problema ou gases e não vai ao pronto-socorro"", disse Muhlestein. ""Isso é perigoso, porque quanto mais rápido abrirmos a artéria bloqueada, melhor será o resultado do paciente"". , Em segundo lugar, o preço do aplicativo com a extensão de dois fios é baixo, o que poderia colocar o eletrocardiograma nas mãos de qualquer pessoa com um smartphone ou smartwatch e tornar os exames acessíveis em lugares como países do terceiro mundo onde as pessoas têm smartphones, mas onde máquinas para o eletro são caras e difíceis de encontrar. ","Pesquisadores acreditam que aplicativo poderia ajudar pessoas em países sem acesso a exames como o eletrocardiograma tradicional.","Aplicativo de celular identifica com precisão ataques cardíacos potencialmente fatais, diz estudo"
"NoticesThatIWantToReadItem"," Um soldador chinês da cidade de Kaiyuan (nordeste) criou uma bicicleta em forma de dragão fabricada com 22 mil palitos de sorvete e que é capaz de soltar fogo pela boca e identificar notas falsas. , O inventor, Chao, demorou quatro meses para terminar este particular objeto que, com 20 quilos de peso e um metro de altura, é o suficientemente robusto para transportar um adulto, divulgou nesta segunda-feira a emissora estatal CCTV. , Empenhado em reproduzir as peculiaridades do animal mitológico, Chao instalou um dispositivo pirotécnico na frente da bicicleta para que o dragão que desenhou fosse capaz de lançar fogo e soltar fumaça pela boca. , O soldador, que há duas décadas fabrica artesanatos similares, explicou à emissora que foi colando os palitos ""um por um "", polindo cada peça várias vezes, e mostrou seu orgulho pelos elogios entre seus amigos e vizinhos. , ""As pessoas falam muito do espírito artesão. Não sou um artesão, sou um soldador obstinado que gosta de fazer artesanatos em seu tempo livre. Sempre utilizando palitos de madeira"", afirmou. ","Projeto aguenta uma pessoa e é enfeitado com luzes; VEJA VÍDEO.","Chinês constrói bicicleta em forma de dragão usando 22 mil palitos de sorvete"
"NoticesThatIWantToReadItem"," ""Nunca desista"", ""Você é amado"", ""Seja um herói"". Às vezes, uma dessas frases pode mudar o dia de uma pessoa. A gerente de uma cafeteria de uma escola de Virginia Beach, nos ,, sabe disso e resolveu usar palavras de apoio para motivar os alunos todos os dias. , As bananas são distribuídas no refeitório de uma escola primária por Stacey Truman, a gerente da cafeteria local. A diretora da Kingston Elementary School, Sharon Shewbridge, postou nas redes sociais: ""Palavras de inspiração da nossa gerente da cafeteria para nossos estudantes..."". , De acordo com o ""New York Post"", Truman trabalha há nove anos no colégio, mas só recentemente passou a escrever as frases nas ""bananas falantes"", apelido dado pelas próprias crianças. , ""Eu faço isso para os meus filhos em casa. Então, comecei a fazer aqui também, porque eles [alunos] também são como filhos para mim"", disse à emissora de TV americana, WRKR. , Segundo Truman, as palavras foram escolhidas de acordo com o que ela mesma gostaria de ouvir. A diretora da escola diz que uma atitude como essa pode parecer pequena, mas tem um impacto grande na vida das crianças. , ""É simples, mas essas palavras podem ajudá-las a serem mais corajosas e perceber que são boas o suficiente"", disse Shewbridge ao ""Yahoo"". ","Stacey Truman, gerente da cafeteria, tenta motivar os estudantes na hora do almoço. A diretora da instituição, Sharon Shewbridge, viu as frutas e publicou nas redes sociais.","Refeitório dos EUA distribui bananas com frases de incentivo aos alunos "
"NoticesThatIWantToReadItem"," David M'Zwee havia escutado dos médicos que nunca mais caminharia. Mas uma técnica pioneira desenvolvida na Suíça contrariou o prognóstico. , , Um implante elétrico desenvolvido por uma equipe da École Polytechnique Fédérale de Lausanne (EPFL) e colocado ao redor da medula espinhal mudou sua vida. , O que provoca a paralisia? Ela acontece quando os impulsos do cérebro para as pernas são interrompidos por uma lesão. M'Zwee sofreu uma lesão severa na medula espinhal há sete anos em um acidente esportivo. , Na maioria dos casos, ainda há um pequeno impulso, mas muito pequeno para criar movimento. , O implante estimula impulsos, fazendo com que M'Zwee, de 30 anos, e outros pacientes caminhem. , “Acho que você tem que fazer o impossível para possibilitar o possível”, diz M'Zwee. “Fiquei muito surpreso quando conseguimos. É muito divertido e a sensação é incrível.” , Cientistas suíços notaram outro resultado inesperado: os movimentos parecem ter recuperados alguns nervos danificados. ","Cientistas da Suíça desenvolveram método que estimula impulsos em medula espinhal de pacientes.","O implante na medula que fez um homem com paralisia voltar a andar "
"NoticesThatIWantToReadItem"," Um dia o vestido de noiva de Mariana virou só um vestido. Na hora, doeu, mas com o tempo ela percebeu que podia ser divertida essa história de fazer uma coisa virar outra - aquela dor virar experiência, aquele fim virar começo, aquele episódio virar piada, o vestido de noiva virar figurino de palhaço. , E assim, um dia, a atriz e cineasta Mariana Gabriel se tornou a palhaça Birota, a quarta geração de circo da sua família. Fez um filme sobre a avó Maria Elisa Alves dos Reis, negra, que foi palhaço, assim no masculino mesmo, quando só os homens brancos tinham esse direito. Agora, ressuscita o picadeiro do Circo Guarani com sua avó no telão, ela e a mãe no palco. , Desde seu lançamento, há dois anos, o documentário ""Minha Avó Era Palhaço"", percorre um circuito muito particular. Mariana Gabriel conta que, das 107 exibições, 90 aconteceram em festivais de circo, e não em festivais de cinema, e sempre há um debate na sequência da exibição sobre preconceito racial, protagonismo negro e comicidade feminina., , “Nesses espaços começaram a me questionar sobre a Birota e, entre a exibição do filme e o debate, passei a apresentar um número dançando com minha avó no telão com ‘Cielito Lindo’, uma canção que eu cantava com ela. Minha mãe, que guia as discussões, também começou a cantar, então essas exibições estão virando um espetáculo contínuo. Sentimos que o circo da família está de volta”, conta a atriz e cineasta, que dirigiu o filme em parceria com Ana Paula Minehira. , Mariana sempre soube que pertencia a uma família de circo. “O primeiro livro que escrevi, ainda criança, se chamava ‘Minha Avó era Palhaço’. Eu sabia algumas coisas - do elefante, de um macaco chamado Pescador que tirava piolho das crianças, mas pensava, ‘ok, não vivi o circo’”, relembra. , Durante as filmagens de um documentário sobre artistas de circo já idosos que moravam no conjunto habitacional Cingapura, no bairro do Limão, a cineasta perguntava, apenas por curiosidade, se eles tinham ouvido falar do Circo Guarani. Após uma série de confirmações, ela foi presenteada com um livro que fazia menção a sua avó. , “Não tem o nome dela, nem do palhaço Xamego, que ela representava, mas fala de uma mulher que atuou no Guarani depois que o palhaço oficial do circo teve um grave problema de saúde. Meu tio-avô! Conta que ela assumiu o papel escondida do público, já que não havia mulheres palhaços àquela época, mas que um dia uma menina levantou a lona do circo e viu o palhaço amamentando uma criança. Hoje consigo falar disso sem chorar”, continua. , Os relatos dos artistas e a descoberta do livro foram ""um auê"" na família, segundo a cineasta. Com pai e mãe jornalistas, ela disse ter aprendido cedo a importância do registro e decidiu dar início uma pesquisa sobre a história de sua avó para rodar um filme em sua homenagem. , Mariana Gabriel inscreveu o projeto em um edital da Fundação Nacional de Artes (Funarte) e foi contemplada com uma verba para pesquisa em 2014. “Com essa verba, que era só para a entrega de uma pesquisa escrita, a gente incluiu dinheiro do próprio bolso e fez um blog do palhaço Xamego e o documentário. Fomos guerrilheiros”, contou. , O filme de 52 minutos ficou pronto em 2016. “Minha avó viveu 98 anos, a época áurea e a decadência do circo. Acho que, com o filme, traçamos a história do circo no Brasil junto com a história dela”, diz. , A cineasta descobriu que o Circo Guarani, de sua família, foi um dos cinco maiores circos do país em 1932, época em que esse espetáculo era uma das poucas ofertas de entretenimento. Descobriu também que a companhia fretava um trem para viajar com o picadeiro e encontrou alguns registros de João Alves, seu bisavô e dono do circo, que segundo ela, são apenas partes de uma história ainda a ser remontada. , “Todo circo é o grande circo, mas quão grande era o Guarani? Não sei. A história do meu bisavô é muito curiosa – um homem negro que, 15 anos após a abolição, é um grande empresário, um grande dono de circo no início do século 20. Como? É uma história muito doida”, diz, acrescentando que uma nova pesquisa, focada no circo, está começando a ser feita. A pesquisa foi contemplada pelo programa Itaú Rumos. , A primeira mulher palhaço do Brasil já havia passado o bastão para Mariana na primavera de 1989. Numa tarde ensolarada de outubro, vestida de Maria Elisa Alves dos Reis, o palhaço Xamego ajudou a neta a se fantasiar para a festa de Halloween com um chapéu de bico, nariz torto de massinha, postura corcunda, voz horripilante e a dica final: quando se é, se é por inteiro. , Mariana Gabriel, então com cinco anos de idade, completou sua primeira lição de “verdade cênica” e ""coerência na vida"" ao cruzar o portão da escola de mãos dadas com a avó e se ver como a única bruxa de verdade em meio a bruxas-princesas, bruxas-fadas e bruxas-rainhas. , “Mesmo eu nunca tendo visto minha avó vestida de palhaço, acho que o tempo todo ela era o Xamego. Isso porque o palhaço não é um personagem; ele usa a menor máscara do mundo, no nariz! Veste a máscara que mais revela e fica escondido, muitas vezes, naquilo que a gente não gosta em si mesmo”, explica. , Começava a nascer ali, devagar, a palhaça Birota. Depois da faculdade, a atriz e cineasta fez um pouco de tudo – direção de fotografia, assistente de câmera, roteiro, direção, dois longas e programas de TV. , “Desenvolvo a Birota desde 2009, o que demandou um grande mergulho para buscar a expressão dilatada de mim mesma. Não se tratava de entender o que iria fazer no palco, mas o que eu já faço, como faço e trabalhar em como poderia ser maior. Foi um aprendizado de como lidar com meu ridículo, um processo de dentro pra fora”, afirma. , Mariana Gabriel explica que há muitas linhas de palhaçaria e que a Birota tem muita influência do Xamego. “Minha avó era muito chapliniana porque o cinema dialogava com a arte circense naquela época, e tinha o sapato, o chapéu coco, a bengala. Um trabalho baseado no gestual, mais do que na fala. Eu também gosto do riso que nasce da sutileza, do pequenininho, da cumplicidade com o público”, descreve. , Confira abaixo as próximas exibições agendadas do documentário ""Minha Avó Era Palhaço"": ","Projeto de pesquisa de neta sobre avó que foi ‘primeira palhaço’ do Brasil se desdobra em
debates sobre racismo, feminismo e nova geração da palhaçaria.","Filme sobre primeira mulher palhaço do país vira espetáculo com três gerações no palco"
"NoticesThatIWantToReadItem"," O assassinato de Valéria Cruz Medel, filha da deputada federal Carmen Medel, ocorrido na última quinta-feira (8) no México, deixou uma série de dúvidas. , As autoridades mexicanas afirmam que a jovem de 22 anos, que estava na academia quando foi morta a tiros, em Ciudad Mendoza, no Estado de Veracruz, foi executada por engano. , A mãe dela participava de uma sessão da Câmara dos Deputados, na Cidade do México, quando recebeu por telefone a notícia do assassinato da filha. , A parlamentar teve uma crise de choro no recinto, em uma cena que comoveu o país. , ""Ela (Valéria) era uma jovem tranquila, dedicada aos estudos e à prática de esportes"", disse o governador Miguel Angel Yunes em entrevista à imprensa. , De acordo com as investigações da Procuradoria-Geral do Estado, Valéria Medel foi confundida, pela semelhança física, com a namorada de um líder de uma gangue local, que frequentaria a mesma academia. , No entanto, a rapidez incomum com a qual o suposto assassino foi localizado e com a qual a hipótese da motivação do crime foi ""confirmada"" levantam algumas dúvidas sobre o caso. , A BBC News Mundo, serviço em espanhol da BBC, solicitou uma entrevista com o procurador-geral do Estado, mas não recebeu resposta. , Por volta das 16h (horário local) de quinta-feira, a polícia recebeu um pedido de socorro em relação a um crime que havia sido cometido minutos antes. , De acordo com as investigações, um homem identificado pelas autoridades apenas como ""El Richy"" foi até a academia que Valéria frequentava, no centro de Ciudad Mendoza. , Sem perguntar por ninguém ou conversar com os funcionários do estabelecimento, ele foi até o segundo andar, onde a encontrou. , ""Ele viu a jovem, dirigiu algumas palavras a ela e disparou nove tiros"", explicou Yunes à rede Televisa. , Na sequência, o criminoso deixou o local em uma caminhonete Mazda. , Cerca de uma hora e meia depois do crime, por volta das 17h30, o governador deu uma entrevista à imprensa na qual apresentou um retrato falado do único suspeito. , ""El Richy"" seria encontrado morto naquele mesmo dia, horas mais tarde, segundo as autoridades. , Oito pessoas que estavam no prédio onde funciona a academia deram pistas sobre a aparência do suspeito e do veículo em que ele fugiu. , ""Aproximadamente às 21h, a caminhonete que estávamos procurando, um Mazda, apareceu. 'El Richy', autor material do crime, estava morto dentro do veículo"", disse o governador. , Outros dois homens foram presos nas horas seguintes como possíveis cúmplices do crime. , Para o governador, a hipótese sobre o motivo do crime foi ""confirmada"": foi uma confusão. , A rivalidade entre duas gangues locais, uma ligada ao Cartel de Jalisco Nova Geração (CJNG) e outra ao Los Zetas, teria desencadeado o ato de violência. , A jovem foi confundida com ""uma mulher que tem um relacionamento com o líder de uma gangue de criminosos (do Los Zetas) que opera naquela área de Ciudad Mendoza"", afirmou Yunes. , Essa hipótese, ele acrescenta, teria sido confirmada quando as autoridades encontraram uma caminhonete Patriot preta abandonada na entrada da academia, com documentos ""que correspondem precisamente à namorada deste indivíduo ligado ao crime organizado"" - no caso, a uma gangue rival do grupo de ""El Richy"". , ""Aparentemente, ela deveria ser pega (sequestrada) pela pessoa que entrou na academia. E certamente ele a confundiu com esta jovem que não tinha nada a ver com qualquer atividade indevida"", completou. , Veracruz é há mais de uma década um dos Estados mais castigados pela violência gerada por grupos de criminosos e suas gangues locais, com uma taxa de homicídios de 19,13 casos por 100 mil habitantes em 2017. , O número é mais que o dobro do registrado em São Paulo (8,02 por 100 mil habitantes), por exemplo, mas ainda está atrás dos piores índices do México - Colima é o Estado com a mais alta taxa, de 113 homicídios por 100 mil habitantes. , O nível de impunidade no Estado, contudo, é o oitavo mais alto do país, com uma pontuação de 75,62 (a média nacional é de 69,21, segundo o ranking Global Impunity Index 2018, que leva em conta o volume de crimes sem solução). , Logo após o assassinato de Valéria Medel, a Comissão Nacional de Direitos Humanos solicitou às autoridades de Veracruz uma ""investigação imediata, objetiva e exaustiva do crime"" para evitar ""que haja impunidade"". , O caso, contudo, foi resolvido em questão de horas, o que contrasta com os altos índices de impunidade da região. , Yunes foi questionado na sexta-feira pelo jornalista Carlos Loret de Mola: ""Se o objetivo era o sequestro, por que a mulher que o agressor queria sequestrar acabou sendo assassinada no local?"" , ""Isso é o que não se explica. A hipótese da procuradoria é que a jovem se recusou a sair (com o agressor)"", respondeu. , O governador afirmou que o próprio Cartel de Jalisco Nova Geração publicou uma mensagem nas redes sociais admitindo que a morte de Valéria teria sido um erro de ""El Richy"". , Quem matou o suposto agressor é outra dúvida, mas a Procuradoria de Veracruz também tem uma hipótese sobre isso: , ""Provavelmente teria sido a própria organização criminosa, que, diante do erro evidente desse indivíduo, tomou essa decisão"", disse Yunes. , Questionado sobre que gangues rivais de Ciudad Mendoza estiveram envolvidas especificamente, o governador se recusou a identificá-las, limitando a relacioná-las ao Cartel de Jalisco Nova Geração e Los Zetas. , Mas deixou claro enfaticamente que o crime não estava relacionado à atividade política da deputada Carmen Medel. , ""Seria uma brutalidade pensar que, por causa da atividade da mãe, ou de qualquer pessoa, ela teria sido atacada. Não tem nada a ver"", declarou. ","Autoridades que investigam o caso de Valéria Medel afirmam ter identificado o suposto assassino e 'confirmado' a hipótese da motivação do crime. Mas a versão oficial deixa algumas perguntas ainda sem resposta.","O assassinato da jovem filha de deputada que confunde o México"
"NoticesThatIWantToReadItem"," O Irã continua respeitando os compromissos do acordo nuclear alcançado em 2015 com as grandes potências, afirmou a Agência Internacional de Energia Atômica (IAEA, na sigla em inglês) em um relatório trimestral publicado nesta segunda-feira (12), uma semana depois da , contra Teerã. , A agência da ONU confirma especialmente que, no início de novembro, o Irã não havia enriquecido urânio a níveis proibidos nem efetuado armazenamentos ilegais, conforme as disposições deste texto cujo objetivo é garantir que o país não esteja se equipando com a bomba atômica. , Este anúncio é feito depois que Washington restabeleceu, em 5 de novembro, as sanções que haviam sido suspensas após o acordo, do qual os Estados Unidos ,. , Washington está realizando uma campanha de ""pressão máxima"" contra a República Islâmica para impor um acordo mais severo do que o negociado com a administração Obama. , A série de sanções restabelecida pelos Estados Unidos concerne, sobretudo, os setores petroleiro e financeiro, cruciais para este país que depende dos hidrocarbonetos. , Apesar da retirada dos Estados Unidos, os outros signatários do texto de 2015 (França, Reino Unido, Rússia, China e Alemanha) se comprometeram a fazer todo o possível para preservar o acordo e evitar que o Irã saia dele. ","Agência Internacional de Energia Atômica diz em relatório que, até no início de novembro, país não havia enriquecido urânio a níveis proibidos nem efetuado armazenamentos ilegais, cumprindo o estabelecido. Anúncio foi feito uma semana depois de EUA restabelecerem sanções.","Irã respeita compromissos de acordo nuclear, segundo agência da ONU"
"NoticesThatIWantToReadItem"," O casal que deu o nome de seu filho em homenagem a Adolf Hitler foi condenado no Reino Unido nesta segunda-feira (12) por serem integrantes do grupo de extrema direita, que foi banido, National Action. , Adam Thomas, de 22 anos, e Claudia Patatas, de 38, foram condenados junto com Daniel Bogunovic, 27 anos, por serem integrantes da organização, depois de terem trocado mensagens elogiando Hitler e fotos deles vestidos como membros do grupo supremacista branco Ku Klux Klan (KKK) e fazendo saudações nazistas. , Três outros já haviam se declarado culpados de pertencerem ao National Action, que foi banido pelo governo depois de integrantes terem elogiado o assassinato do congressista Jo Cox por um solitário obcecado pelo nazismo em 2016. , ""Depois que o National Action foi banido, ele entrou na clandestinidade e mudou de nome, mas não desapareceu"", disse Deb Walsh, do Serviço de Promotoria da Coroa. , ""Esses integrantes continuam a acreditar na visão de mundo neonazista, permanecendo em contato em aplicativos de mensagens criptografadas e organizando reuniões para manter o grupo."" , O National Action foi o primeiro grupo de extrema direita a ser banido no Reino Unido em décadas. Os partidos de extrema direita têm crescido em muita partes da Europa nos últimos anos, porém no Reino Unido eles permanecem nas margens da vida política. , O júri em Birminghan foi informado que Thomas e Patatas deram o nome do meio do seu filho de ""Adolf"" em homenagem ao líder do Terceiro Reich. ","Adam Thomas e Claudia Patatas trocaram com Daniel Bogunovic mensagens elogiando Hitler e fotos deles vestidos como membros do grupo supremacista branco Ku Klux Klan (KKK) e fazendo saudações nazistas. Os três eram integrantes do grupo National Action, que foi banido.","Casal de extrema-direita que deu nome a filho em homenagem a Hitler é condenado no Reino Unido"
"NoticesThatIWantToReadItem"," A Coreia do Norte opera pelo menos 13 bases não declaradas para ocultar mísseis móveis com capacidade nuclear - revelou um novo estudo publicado nesta segunda-feira (12), o que gera dúvidas sobre a iniciativa da política externa adotada pelo presidente Donald Trump. , Segundo pesquisadores do Center for Strategic and International Studies em Washington (CSIS), foram localizadas 13 bases operacionais de mísseis não declaradas pelo governo, podendo chegar a 20. , ""Não parece que estas bases estivessem congeladas"", disse ao jornal ""The New York Times"" Victor Cha, que dirige o programa da Coreia do Norte do CSIS, informando sobre o estudo pela primeira vez. , Espalhadas por todo o país, as bases se encontram em instalações subterrâneas dotadas de túneis em vales montanhosos estreitos, segundo os pesquisadores. , ""O trabalho continua. Todos estão preocupados com que Trump vá aceitar um acordo ruim. Nos deram um único local de testes e desmantelam poucas obras e, em troca, obtêm um acordo de paz"", afirmou Cha. , Trump celebrou sua cúpula de junho com o líder norte-coreano, Kim Jong-un, por ter aberto o caminho para a desnuclearização desta península asiática dividida, desativando as tensões que há menos de um ano colocaram os dois países à beira do conflito. , Desde ,, a Coreia do Norte interrompeu os testes nucleares e de mísseis e desmantelou uma instalação de testes de mísseis, além de prometer desativar o principal complexo nuclear do país. , Cha esteve na lista de candidatos a embaixador dos Estados Unidos, mas foi retirado da mesma devido a um desacordo com a abordagem da administração Trump. , Enquanto as sanções dos Estados Unidos à Coreia do Norte permanecem vigentes, os tradicionais e principais parceiros comerciais da isolada nação asiática - China e Rússia - abrandaram sua aplicação desde a reunião de cúpula, admitem funcionários americanos. ","Espalhadas por todo o país, as bases se encontram em instalações subterrâneas dotadas de túneis em vales montanhosos estreitos, segundo pesquisadores do Center for Strategic and International Studies. 'Não parece que estas bases estivessem congeladas', diz diretor de programa. ","Coreia do Norte esconde bases de lançamento de mísseis, diz estudo dos EUA"
